{
   "dashboards": [{
      "autoswitchEnabled": false,
      "columnCount": 1,
      "columnProportion": "1-1",
      "creationTime": 1633269442372,
      "dashboardNavigations": {},
      "description": "",
      "disabled": false,
      "gridsterMaxColumns": 12,
      "hidden": false,
      "homeTab": true,
      "id": "3d488663-5055-4f41-b27f-85aea61b0333",
      "importAttempts": 0,
      "importComplete": true,
      "lastUpdateTime": 1635689201188,
      "lastUpdateUserId": "287ed085-c6ca-4255-b69c-956f1665ed51",
      "locked": false,
      "name": "Custom Dashboards/vSphere Inventory",
      "namePath": "Custom Dashboards",
      "rank": 0,
      "shared": false,
      "states": [],
      "temporary": false,
      "userId": "287ed085-c6ca-4255-b69c-956f1665ed51",
      "widgetInteractions": [
         {
            "type": "resourceId",
            "widgetIdProvider": "e4fd0da9-f948-4301-986d-a31f3468f0b2",
            "widgetIdReceiver": "aaa969b1-9f70-4ab8-b733-923ed55be466"
         },
         {
            "type": "resourceId",
            "widgetIdProvider": "e4fd0da9-f948-4301-986d-a31f3468f0b2",
            "widgetIdReceiver": "b55329ca-0522-40ab-9408-96476b3154e9"
         },
         {
            "type": "resourceId",
            "widgetIdProvider": "e4fd0da9-f948-4301-986d-a31f3468f0b2",
            "widgetIdReceiver": "bb84484b-ba76-47d0-9b8e-9cea00200df8"
         },
         {
            "type": "resourceId",
            "widgetIdProvider": "e4fd0da9-f948-4301-986d-a31f3468f0b2",
            "widgetIdReceiver": "735ea731-bd1c-477d-a882-5c30fd2540a3"
         },
         {
            "type": "resourceId",
            "widgetIdProvider": "e4fd0da9-f948-4301-986d-a31f3468f0b2",
            "widgetIdReceiver": "09ce7b37-be32-4965-8da9-fb2733a3963a"
         }
      ],
      "widgets": [
         {
            "collapsed": false,
            "config": {
               "boxColumns": 5,
               "boxHeight": null,
               "customFilter": {
                  "excludedResources": null,
                  "filter": [],
                  "includedResources": null
               },
               "depth": 1,
               "labelSize": 16,
               "maxCellCount": 100,
               "metric": {
                  "mode": "resourceKind",
                  "resourceKindMetrics": [
                     {
                        "colorMethod": 2,
                        "handleOldColoring": false,
                        "id": "extModel18395-1",
                        "isStringMetric": false,
                        "label": "vCenters",
                        "link": "",
                        "metricKey": "summary|total_number_vcenters",
                        "metricName": "Summary|Total Number of vCenter Server(s)",
                        "metricUnitId": null,
                        "orangeBound": null,
                        "redBound": null,
                        "resourceKindId": "resourceKind:id:0_::_",
                        "resourceKindName": "vSphere World",
                        "unit": "",
                        "yellowBound": null
                     },
                     {
                        "colorMethod": 2,
                        "handleOldColoring": false,
                        "id": "extModel18395-2",
                        "isStringMetric": false,
                        "label": "Datacenters",
                        "link": "",
                        "metricKey": "summary|total_number_datacenters",
                        "metricName": "Summary|Total Number of Datacenters",
                        "metricUnitId": null,
                        "orangeBound": null,
                        "redBound": null,
                        "resourceKindId": "resourceKind:id:0_::_",
                        "resourceKindName": "vSphere World",
                        "unit": "",
                        "yellowBound": null
                     },
                     {
                        "colorMethod": 2,
                        "handleOldColoring": false,
                        "id": "extModel18395-3",
                        "isStringMetric": false,
                        "label": "Clusters",
                        "link": "",
                        "metricKey": "summary|total_number_clusters",
                        "metricName": "Summary|Total Number of Clusters",
                        "metricUnitId": null,
                        "orangeBound": null,
                        "redBound": null,
                        "resourceKindId": "resourceKind:id:0_::_",
                        "resourceKindName": "vSphere World",
                        "unit": "",
                        "yellowBound": null
                     },
                     {
                        "colorMethod": 2,
                        "handleOldColoring": false,
                        "id": "extModel18395-4",
                        "isStringMetric": false,
                        "label": "ESXi Hosts",
                        "link": "",
                        "metricKey": "summary|total_number_hosts",
                        "metricName": "Summary|Total Number of Hosts",
                        "metricUnitId": null,
                        "orangeBound": null,
                        "redBound": null,
                        "resourceKindId": "resourceKind:id:0_::_",
                        "resourceKindName": "vSphere World",
                        "unit": "",
                        "yellowBound": null
                     },
                     {
                        "colorMethod": 2,
                        "handleOldColoring": false,
                        "id": "extModel21923-3",
                        "isStringMetric": false,
                        "label": "Running ESXi Hosts",
                        "link": "",
                        "metricKey": "summary|number_running_hosts",
                        "metricName": "Summary|Number of Running Hosts",
                        "metricUnitId": null,
                        "orangeBound": null,
                        "redBound": null,
                        "resourceKindId": "resourceKind:id:0_::_",
                        "resourceKindName": "vSphere World",
                        "unit": "",
                        "yellowBound": null
                     },
                     {
                        "colorMethod": 2,
                        "handleOldColoring": false,
                        "id": "extModel18395-5",
                        "isStringMetric": false,
                        "label": "VMs",
                        "link": "",
                        "metricKey": "summary|total_number_vms",
                        "metricName": "Summary|Total Number of VMs",
                        "metricUnitId": null,
                        "orangeBound": null,
                        "redBound": null,
                        "resourceKindId": "resourceKind:id:0_::_",
                        "resourceKindName": "vSphere World",
                        "unit": "",
                        "yellowBound": null
                     },
                     {
                        "colorMethod": 2,
                        "handleOldColoring": false,
                        "id": "extModel21923-2",
                        "isStringMetric": false,
                        "label": "Running VMs",
                        "link": "",
                        "metricKey": "summary|number_running_vms",
                        "metricName": "Summary|Number of Running VMs",
                        "metricUnitId": null,
                        "orangeBound": null,
                        "redBound": null,
                        "resourceKindId": "resourceKind:id:0_::_",
                        "resourceKindName": "vSphere World",
                        "unit": "",
                        "yellowBound": null
                     },
                     {
                        "colorMethod": 2,
                        "handleOldColoring": false,
                        "id": "extModel21923-4",
                        "isStringMetric": false,
                        "label": "Powered Off VMs",
                        "link": "",
                        "metricKey": "summary|number_poweredOff_vms",
                        "metricName": "Summary|Number of Powered Off VMs",
                        "metricUnitId": null,
                        "orangeBound": null,
                        "redBound": null,
                        "resourceKindId": "resourceKind:id:0_::_",
                        "resourceKindName": "vSphere World",
                        "unit": "",
                        "yellowBound": null
                     },
                     {
                        "colorMethod": 2,
                        "handleOldColoring": false,
                        "id": "extModel21923-1",
                        "isStringMetric": false,
                        "label": "VM Templates",
                        "link": "",
                        "metricKey": "summary|number_vm_templates",
                        "metricName": "Summary|Number of VM Templates",
                        "metricUnitId": null,
                        "orangeBound": null,
                        "redBound": null,
                        "resourceKindId": "resourceKind:id:0_::_",
                        "resourceKindName": "vSphere World",
                        "unit": "",
                        "yellowBound": null
                     },
                     {
                        "colorMethod": 2,
                        "handleOldColoring": false,
                        "id": "extModel18395-6",
                        "isStringMetric": false,
                        "label": "Datastores",
                        "link": "",
                        "metricKey": "summary|total_number_datastores",
                        "metricName": "Summary|Total Number of Datastores",
                        "metricUnitId": null,
                        "orangeBound": null,
                        "redBound": null,
                        "resourceKindId": "resourceKind:id:0_::_",
                        "resourceKindName": "vSphere World",
                        "unit": "",
                        "yellowBound": null
                     }
                  ],
                  "resourceMetrics": [],
                  "subMode": "resourceKindAll"
               },
               "mode": {"layoutMode": "fixedView"},
               "oldMetricValues": false,
               "periodLength": null,
               "refreshContent": {"refreshContent": true},
               "refreshInterval": 300,
               "relationshipMode": {"relationshipMode": 0},
               "resInteractionMode": null,
               "resource": [],
               "roundDecimals": null,
               "selfProvider": {"selfProvider": true},
               "showDT": {"showDT": false},
               "showMetricName": {"showMetricName": true},
               "showMetricUnit": {"showMetricUnit": false},
               "showResourceName": {"showResourceName": false},
               "showSparkline": {"showSparkline": false},
               "title": "Object Inventory",
               "valueSize": 24,
               "visualTheme": 6
            },
            "gridsterCoords": {
               "h": 5,
               "w": 4,
               "x": 1,
               "y": 1
            },
            "height": 267,
            "id": "98491a1e-c549-48b4-aff4-acbf73d2ac91",
            "title": "Object Inventory",
            "type": "Scoreboard"
         },
         {
            "collapsed": false,
            "config": {
               "chartViewItems": [
                  "legend",
                  "labels"
               ],
               "isUpdatedView": true,
               "refreshContent": {"refreshContent": true},
               "refreshInterval": 300,
               "resource": {
                  "id": "Ext.vcops.chrome.model.Resource-1",
                  "resourceId": "resource:id:0_::_",
                  "resourceKindId": "002006VMWAREvSphere World",
                  "resourceName": "vSphere World",
                  "traversalSpecId": ""
               },
               "selectFirstRow": {"selectFirstRow": false},
               "selfProvider": {"selfProvider": true},
               "title": "ESXi Host Hardware",
               "traversalSpecId": null,
               "viewDefinitionId": "c2422141-bf17-4969-8ac5-8526af7e01c7"
            },
            "gridsterCoords": {
               "h": 8,
               "w": 3,
               "x": 4,
               "y": 6
            },
            "height": 438,
            "id": "2e69c3d5-a19e-47c5-9521-1694f4f40baa",
            "title": "ESXi Host Hardware",
            "type": "View"
         },
         {
            "collapsed": false,
            "config": {
               "additionalColumns": [
                  {
                     "boxLabel": "vCenter Version",
                     "metricKey": "summary|version",
                     "metricName": "Summary|Version",
                     "resourceKindId": "resourceKind:id:1_::_"
                  },
                  {
                     "boxLabel": "Datacenters",
                     "metricKey": "summary|total_number_datacenters",
                     "metricName": "Summary|Total Number of Datacenters",
                     "resourceKindId": "resourceKind:id:1_::_"
                  },
                  {
                     "boxLabel": "Clusters",
                     "metricKey": "summary|total_number_clusters",
                     "metricName": "Summary|Total Number of Clusters",
                     "resourceKindId": "resourceKind:id:1_::_"
                  },
                  {
                     "boxLabel": "ESXi Hosts",
                     "metricKey": "summary|total_number_hosts",
                     "metricName": "Summary|Total Number of Hosts",
                     "resourceKindId": "resourceKind:id:1_::_"
                  },
                  {
                     "boxLabel": "Running ESXi Hosts",
                     "metricKey": "summary|number_running_hosts",
                     "metricName": "Summary|Number of Running Hosts",
                     "resourceKindId": "resourceKind:id:1_::_"
                  },
                  {
                     "boxLabel": "VMs",
                     "metricKey": "summary|total_number_vms",
                     "metricName": "Summary|Total Number of VMs",
                     "resourceKindId": "resourceKind:id:1_::_"
                  },
                  {
                     "boxLabel": "Running VMs",
                     "metricKey": "summary|number_running_vms",
                     "metricName": "Summary|Number of Running VMs",
                     "resourceKindId": "resourceKind:id:1_::_"
                  },
                  {
                     "boxLabel": "Datastores",
                     "metricKey": "summary|total_number_datastores",
                     "metricName": "Summary|Total Number of Datastores",
                     "resourceKindId": "resourceKind:id:1_::_"
                  }
               ],
               "customFilter": {
                  "excludedResources": null,
                  "filter": [],
                  "includedResources": null
               },
               "depth": 1,
               "filterMode": "tagPicker",
               "mode": "all",
               "refreshContent": {"refreshContent": true},
               "refreshInterval": 300,
               "relationshipMode": {"relationshipMode": 0},
               "resource": [],
               "selectFirstRow": {"selectFirstRow": true},
               "selfProvider": {"selfProvider": true},
               "tagFilter": {
                  "path": ["/source/kind/kind:resourceKind:id:1_::_"],
                  "value": {
                     "adapterInstance": [],
                     "adapterKind": [],
                     "bus": [],
                     "collector": [],
                     "day": [],
                     "exclaim": false,
                     "healthRange": [],
                     "kind": ["resourceKind:id:1_::_"],
                     "maintenanceSchedule": [],
                     "state": [],
                     "status": [],
                     "tag": [],
                     "tier": []
                  }
               },
               "title": "vCenters"
            },
            "gridsterCoords": {
               "h": 3,
               "w": 6,
               "x": 7,
               "y": 35
            },
            "height": 153,
            "id": "aaa969b1-9f70-4ab8-b733-923ed55be466",
            "states": [{
               "key": "permResGrid_widget_3d488663-5055-4f41-b27f-85aea61b0333_aaa969b1-9f70-4ab8-b733-923ed55be466",
               "value": "o%3Acolumns%3Da%253Ao%25253Aid%25253Ds%2525253Ah1%25255Ehidden%25253Db%2525253A1%25255Ewidth%25253Dn%2525253A100%255Eo%25253Aid%25253Ds%2525253Ah2%25255Ewidth%25253Dn%2525253A330%255Eo%25253Aid%25253Ds%2525253Ah3%25255Ehidden%25253Db%2525253A1%25255Ewidth%25253Dn%2525253A100%255Eo%25253Aid%25253Ds%2525253Ah4%25255Ehidden%25253Db%2525253A1%255Eo%25253Aid%25253Ds%2525253Ah5%25255Ehidden%25253Db%2525253A1%255Eo%25253Aid%25253Ds%2525253Ah6%25255Ehidden%25253Db%2525253A1%255Eo%25253Aid%25253Ds%2525253Ah7%25255Ehidden%25253Db%2525253A1%25255Ewidth%25253Dn%2525253A100%255Eo%25253Aid%25253Ds%2525253Ah8%25255Ehidden%25253Db%2525253A1%25255Ewidth%25253Dn%2525253A100%255Eo%25253Aid%25253Ds%2525253Ah9%25255Ehidden%25253Db%2525253A1%25255Ewidth%25253Dn%2525253A100%255Eo%25253Aid%25253Ds%2525253Ah10%25255Ehidden%25253Db%2525253A1%25255Ewidth%25253Dn%2525253A100%255Eo%25253Aid%25253Ds%2525253Ah11%25255Ehidden%25253Db%2525253A1%25255Ewidth%25253Dn%2525253A100%255Eo%25253Aid%25253Ds%2525253Ah12%25255Ehidden%25253Db%2525253A1%25255Ewidth%25253Dn%2525253A100%255Eo%25253Aid%25253Ds%2525253Ah13%25255Ehidden%25253Db%2525253A1%25255Ewidth%25253Dn%2525253A100%255Eo%25253Aid%25253Ds%2525253Ah14%25255Ehidden%25253Db%2525253A1%255Eo%25253Aid%25253Ds%2525253Ah15%25255Ehidden%25253Db%2525253A1%255Eo%25253Aid%25253Ds%2525253Ah16%25255Ehidden%25253Db%2525253A1%25255Ewidth%25253Dn%2525253A100%255Eo%25253Aid%25253Ds%2525253AresourceRating%25255Ehidden%25253Db%2525253A1%255Eo%25253Aid%25253Ds%2525253Ah18%25255Ehidden%25253Db%2525253A0%25255Ewidth%25253Dn%2525253A168%255Eo%25253Aid%25253Ds%2525253Ah19%25255Ehidden%25253Db%2525253A0%25255Ewidth%25253Dn%2525253A100%255Eo%25253Aid%25253Ds%2525253Ah20%25255Ehidden%25253Db%2525253A0%25255Ewidth%25253Dn%2525253A100%255Eo%25253Aid%25253Ds%2525253Ah21%25255Ehidden%25253Db%2525253A0%25255Ewidth%25253Dn%2525253A100%255Eo%25253Aid%25253Ds%2525253Ah22%25255Ehidden%25253Db%2525253A0%25255Ewidth%25253Dn%2525253A100%255Eo%25253Aid%25253Ds%2525253Ah23%25255Ehidden%25253Db%2525253A0%25255Ewidth%25253Dn%2525253A100%255Eo%25253Aid%25253Ds%2525253Ah24%25255Ehidden%25253Db%2525253A0%25255Ewidth%25253Dn%2525253A100%255Eo%25253Aid%25253Ds%2525253Ah25%25255Ehidden%25253Db%2525253A0%25255Ewidth%25253Dn%2525253A100%255Eo%25253Aid%25253Ds%2525253Ah26%25255Ehidden%25253Db%2525253A1%25255Ewidth%25253Dn%2525253A100%255Eo%25253Aid%25253Ds%2525253Ah27%25255Ehidden%25253Db%2525253A1%25255Ewidth%25253Dn%2525253A100%255Eo%25253Aid%25253Ds%2525253Ah28%25255Ehidden%25253Db%2525253A1%25255Ewidth%25253Dn%2525253A100%255Eo%25253Aid%25253Ds%2525253Ah29%25255Ehidden%25253Db%2525253A1%25255Ewidth%25253Dn%2525253A100%255Eo%25253Aid%25253Ds%2525253Ah30%25255Ehidden%25253Db%2525253A1%25255Ewidth%25253Dn%2525253A100%255Eo%25253Aid%25253Ds%2525253Ah31%25255Ehidden%25253Db%2525253A1%25255Ewidth%25253Dn%2525253A100%255Eo%25253Aid%25253Ds%2525253Ah32%25255Ehidden%25253Db%2525253A1%25255Ewidth%25253Dn%2525253A100%255Eo%25253Aid%25253Ds%2525253Ah33%25255Ehidden%25253Db%2525253A1%25255Ewidth%25253Dn%2525253A100%255Eo%25253Aid%25253Ds%2525253Ah34%25255Ehidden%25253Db%2525253A1%25255Ewidth%25253Dn%2525253A100%255Eo%25253Aid%25253Ds%2525253Ah35%25255Ehidden%25253Db%2525253A1%25255Ewidth%25253Dn%2525253A100%255Eo%25253Aid%25253Ds%2525253Ah36%25255Ehidden%25253Db%2525253A1%25255Ewidth%25253Dn%2525253A100%255Eo%25253Aid%25253Ds%2525253Ah37%25255Ehidden%25253Db%2525253A1%25255Ewidth%25253Dn%2525253A100%255Eo%25253Aid%25253Ds%2525253Ah38%25255Ehidden%25253Db%2525253A1%25255Ewidth%25253Dn%2525253A100%255Eo%25253Aid%25253Ds%2525253Ah39%25255Ehidden%25253Db%2525253A1%25255Ewidth%25253Dn%2525253A100%255Eo%25253Aid%25253Ds%2525253Ah40%25255Ehidden%25253Db%2525253A1%25255Ewidth%25253Dn%2525253A100%255Eo%25253Aid%25253Ds%2525253Ah41%25255Ehidden%25253Db%2525253A1%25255Ewidth%25253Dn%2525253A100%255Eo%25253Aid%25253Ds%2525253Ah42%25255Ehidden%25253Db%2525253A1%25255Ewidth%25253Dn%2525253A100%255Eo%25253Aid%25253Ds%2525253Ah43%25255Ehidden%25253Db%2525253A1%25255Ewidth%25253Dn%2525253A100%255Eo%25253Aid%25253Ds%2525253Ah44%25255Ehidden%25253Db%2525253A1%25255Ewidth%25253Dn%2525253A100%255Eo%25253Aid%25253Ds%2525253Ah45%25255Ehidden%25253Db%2525253A1%25255Ewidth%25253Dn%2525253A100%255Eo%25253Aid%25253Ds%2525253Ah46%25255Ehidden%25253Db%2525253A1%25255Ewidth%25253Dn%2525253A100%255Eo%25253Aid%25253Ds%2525253Ah47%25255Ehidden%25253Db%2525253A1%25255Ewidth%25253Dn%2525253A100"
            }],
            "title": "vCenters",
            "type": "ResourceList"
         },
         {
            "collapsed": false,
            "config": {
               "chartViewItems": [
                  "legend",
                  "labels"
               ],
               "isUpdatedView": true,
               "refreshContent": {"refreshContent": true},
               "refreshInterval": 300,
               "resource": {
                  "id": "Ext.vcops.chrome.model.Resource-2",
                  "resourceId": "resource:id:0_::_",
                  "resourceKindId": "002006VMWAREvSphere World",
                  "resourceName": "vSphere World",
                  "traversalSpecId": ""
               },
               "selectFirstRow": {"selectFirstRow": false},
               "selfProvider": {"selfProvider": true},
               "title": "ESXi Host BIOS Versions",
               "traversalSpecId": null,
               "viewDefinitionId": "ca7eddf0-38ed-46cb-9e58-21de18b61c0a"
            },
            "gridsterCoords": {
               "h": 8,
               "w": 3,
               "x": 7,
               "y": 6
            },
            "height": 438,
            "id": "52727309-9395-4843-9f17-7cb692c54c52",
            "title": "ESXi Host BIOS Versions",
            "type": "View"
         },
         {
            "collapsed": false,
            "config": {
               "chartViewItems": [
                  "legend",
                  "labels"
               ],
               "isUpdatedView": true,
               "refreshContent": {"refreshContent": true},
               "refreshInterval": 300,
               "resource": {
                  "id": "Ext.vcops.chrome.model.Resource-1",
                  "resourceId": "resource:id:0_::_",
                  "resourceKindId": "002006VMWAREvSphere World",
                  "resourceName": "vSphere World",
                  "traversalSpecId": ""
               },
               "selectFirstRow": {"selectFirstRow": false},
               "selfProvider": {"selfProvider": true},
               "title": "ESXi Host Versions",
               "traversalSpecId": null,
               "viewDefinitionId": "d3352245-69ed-4fb8-b8fc-fa5d0a32e2ac"
            },
            "gridsterCoords": {
               "h": 8,
               "w": 3,
               "x": 1,
               "y": 6
            },
            "height": 438,
            "id": "7e065ca0-746b-4a82-83ca-b0412da5732c",
            "title": "ESXi Host Versions",
            "type": "View"
         },
         {
            "collapsed": false,
            "config": {
               "chartViewItems": ["labels"],
               "isUpdatedView": true,
               "refreshContent": {"refreshContent": true},
               "refreshInterval": 300,
               "resource": {
                  "id": "Ext.vcops.chrome.model.Resource-5",
                  "resourceId": "resource:id:0_::_",
                  "resourceKindId": "002006VMWAREvSphere World",
                  "resourceName": "vSphere World",
                  "traversalSpecId": ""
               },
               "selectFirstRow": {"selectFirstRow": false},
               "selfProvider": {"selfProvider": true},
               "title": "VM VMTools Versions",
               "traversalSpecId": null,
               "viewDefinitionId": "49cf394e-1a87-4722-904b-0d787aff5204"
            },
            "gridsterCoords": {
               "h": 7,
               "w": 3,
               "x": 7,
               "y": 14
            },
            "height": 381,
            "id": "f5842a12-c377-448c-8617-fb47d6382c3e",
            "title": "VM VMTools Versions",
            "type": "View"
         },
         {
            "collapsed": false,
            "config": {
               "chartViewItems": ["labels"],
               "isUpdatedView": true,
               "refreshContent": {"refreshContent": true},
               "refreshInterval": 300,
               "resource": {
                  "id": "Ext.vcops.chrome.model.Resource-3",
                  "resourceId": "resource:id:0_::_",
                  "resourceKindId": "002006VMWAREvSphere World",
                  "resourceName": "vSphere World",
                  "traversalSpecId": ""
               },
               "selectFirstRow": {"selectFirstRow": false},
               "selfProvider": {"selfProvider": true},
               "title": "VM OS Distribution",
               "traversalSpecId": null,
               "viewDefinitionId": "add79651-6238-4507-a690-8db168ecf514"
            },
            "gridsterCoords": {
               "h": 7,
               "w": 3,
               "x": 1,
               "y": 14
            },
            "height": 381,
            "id": "c6ffcb54-c4fd-4c1c-989b-9b094e9617d5",
            "title": "VM OS Distribution",
            "type": "View"
         },
         {
            "collapsed": false,
            "config": {
               "chartViewItems": ["labels"],
               "isUpdatedView": true,
               "refreshContent": {"refreshContent": true},
               "refreshInterval": 300,
               "resource": {
                  "id": "Ext.vcops.chrome.model.Resource-1",
                  "resourceId": "resource:id:0_::_",
                  "resourceKindId": "002006VMWAREvSphere World",
                  "resourceName": "vSphere World",
                  "traversalSpecId": ""
               },
               "selectFirstRow": {"selectFirstRow": false},
               "selfProvider": {"selfProvider": true},
               "title": "VM OS Distribution",
               "traversalSpecId": null,
               "viewDefinitionId": "f770c580-77c5-4d74-8749-cf355b92cd06"
            },
            "gridsterCoords": {
               "h": 7,
               "w": 3,
               "x": 4,
               "y": 14
            },
            "height": 381,
            "id": "1a40fb62-7512-4e82-b244-267122fc93de",
            "title": "VM OS Distribution",
            "type": "View"
         },
         {
            "collapsed": false,
            "config": {
               "chartViewItems": [],
               "isUpdatedView": true,
               "refreshContent": {"refreshContent": true},
               "refreshInterval": 300,
               "resource": {
                  "id": "Ext.vcops.chrome.model.Resource-1",
                  "resourceId": "resource:id:0_::_",
                  "resourceKindId": "002006VMWAREvSphere World",
                  "resourceName": "vSphere World",
                  "traversalSpecId": ""
               },
               "selectFirstRow": {"selectFirstRow": false},
               "selfProvider": {"selfProvider": true},
               "title": "ESXi Hosts",
               "traversalSpecId": null,
               "viewDefinitionId": "694338c5-2d7a-416b-9364-78c6bc1de827"
            },
            "gridsterCoords": {
               "h": 6,
               "w": 6,
               "x": 7,
               "y": 44
            },
            "height": 324,
            "id": "735ea731-bd1c-477d-a882-5c30fd2540a3",
            "states": [
               {
                  "key": "permPageSize_widget_3d488663-5055-4f41-b27f-85aea61b0333_735ea731-bd1c-477d-a882-5c30fd2540a3",
                  "value": "n%3A50"
               },
               {
                  "key": "permSelectedDate_widget_3d488663-5055-4f41-b27f-85aea61b0333_735ea731-bd1c-477d-a882-5c30fd2540a3",
                  "value": "s%3A%7B%22minType%22%3A%22.TimeIntervalControl%22%2C%22advancedTimeMode%22%3Afalse%2C%22fromTime%22%3Anull%2C%22unit%22%3A%22DAYS%22%2C%22count%22%3A7%2C%22priorUnit%22%3Anull%2C%22priorCount%22%3Anull%2C%22startSubUnit%22%3Anull%2C%22startPeriod%22%3Anull%2C%22toTime%22%3Anull%2C%22endUnit%22%3Anull%2C%22endCount%22%3Anull%2C%22endSubUnit%22%3Anull%2C%22endPeriod%22%3Anull%2C%22isRealTimeData%22%3Anull%2C%22mondayHours%22%3A%5B%5D%2C%22tuesdayHours%22%3A%5B%5D%2C%22wednesdayHours%22%3A%5B%5D%2C%22thursdayHours%22%3A%5B%5D%2C%22fridayHours%22%3A%5B%5D%2C%22saturdayHours%22%3A%5B%5D%2C%22sundayHours%22%3A%5B%5D%7D"
               }
            ],
            "title": "ESXi Hosts",
            "type": "View"
         },
         {
            "collapsed": false,
            "config": {
               "chartViewItems": [
                  "legend",
                  "labels",
                  "title"
               ],
               "isUpdatedView": true,
               "refreshContent": {"refreshContent": true},
               "refreshInterval": 300,
               "resource": {
                  "id": "Ext.vcops.chrome.model.Resource-26",
                  "resourceId": "resource:id:0_::_",
                  "resourceKindId": "002006VMWAREvSphere World",
                  "resourceName": "vSphere World",
                  "traversalSpecId": ""
               },
               "selectFirstRow": {"selectFirstRow": false},
               "selfProvider": {"selfProvider": true},
               "title": "VMs",
               "traversalSpecId": null,
               "viewDefinitionId": "7f7ee96e-35ed-42b1-b7f0-4ac7ac9986e3"
            },
            "gridsterCoords": {
               "h": 6,
               "w": 6,
               "x": 7,
               "y": 50
            },
            "height": 324,
            "id": "09ce7b37-be32-4965-8da9-fb2733a3963a",
            "states": [
               {
                  "key": "permPageSize_widget_3d488663-5055-4f41-b27f-85aea61b0333_09ce7b37-be32-4965-8da9-fb2733a3963a",
                  "value": "n%3A50"
               },
               {
                  "key": "permSelectedDate_widget_3d488663-5055-4f41-b27f-85aea61b0333_09ce7b37-be32-4965-8da9-fb2733a3963a",
                  "value": "s%3A%7B%22minType%22%3A%22.TimeIntervalControl%22%2C%22advancedTimeMode%22%3Afalse%2C%22fromTime%22%3Anull%2C%22unit%22%3A%22DAYS%22%2C%22count%22%3A7%2C%22priorUnit%22%3Anull%2C%22priorCount%22%3Anull%2C%22startSubUnit%22%3Anull%2C%22startPeriod%22%3Anull%2C%22toTime%22%3Anull%2C%22endUnit%22%3Anull%2C%22endCount%22%3Anull%2C%22endSubUnit%22%3Anull%2C%22endPeriod%22%3Anull%2C%22isRealTimeData%22%3Anull%2C%22mondayHours%22%3A%5B%5D%2C%22tuesdayHours%22%3A%5B%5D%2C%22wednesdayHours%22%3A%5B%5D%2C%22thursdayHours%22%3A%5B%5D%2C%22fridayHours%22%3A%5B%5D%2C%22saturdayHours%22%3A%5B%5D%2C%22sundayHours%22%3A%5B%5D%7D"
               }
            ],
            "title": "VMs",
            "type": "View"
         },
         {
            "collapsed": false,
            "config": {
               "chartViewItems": [],
               "isUpdatedView": true,
               "refreshContent": {"refreshContent": true},
               "refreshInterval": 300,
               "resource": {
                  "id": "Ext.vcops.chrome.model.Resource-28",
                  "resourceId": "resource:id:0_::_",
                  "resourceKindId": "002006VMWAREvSphere World",
                  "resourceName": "vSphere World",
                  "traversalSpecId": ""
               },
               "selectFirstRow": {"selectFirstRow": false},
               "selfProvider": {"selfProvider": true},
               "title": "Datacenters",
               "traversalSpecId": null,
               "viewDefinitionId": "f321f548-3cdf-464d-8e3e-a65f3ae65899"
            },
            "gridsterCoords": {
               "h": 3,
               "w": 6,
               "x": 7,
               "y": 38
            },
            "height": 153,
            "id": "b55329ca-0522-40ab-9408-96476b3154e9",
            "title": "Datacenters",
            "type": "View"
         },
         {
            "collapsed": false,
            "config": {
               "chartViewItems": [
                  "legend",
                  "labels",
                  "title"
               ],
               "isUpdatedView": true,
               "refreshContent": {"refreshContent": true},
               "refreshInterval": 300,
               "resource": {
                  "id": "Ext.vcops.chrome.model.Resource-29",
                  "resourceId": "resource:id:0_::_",
                  "resourceKindId": "002006VMWAREvSphere World",
                  "resourceName": "vSphere World",
                  "traversalSpecId": ""
               },
               "selectFirstRow": {"selectFirstRow": false},
               "selfProvider": {"selfProvider": true},
               "title": "Clusters",
               "traversalSpecId": null,
               "viewDefinitionId": "d3487e74-223e-402c-9e90-6b6d5987a541"
            },
            "gridsterCoords": {
               "h": 3,
               "w": 6,
               "x": 7,
               "y": 41
            },
            "height": 153,
            "id": "bb84484b-ba76-47d0-9b8e-9cea00200df8",
            "title": "Clusters",
            "type": "View"
         },
         {
            "collapsed": false,
            "config": {
               "chartViewItems": [
                  "legend",
                  "labels",
                  "title"
               ],
               "isUpdatedView": true,
               "refreshContent": {"refreshContent": true},
               "refreshInterval": 300,
               "resource": {
                  "id": "Ext.vcops.chrome.model.Resource-30",
                  "resourceId": "resource:id:0_::_",
                  "resourceKindId": "002006VMWAREvSphere World",
                  "resourceName": "vSphere World",
                  "traversalSpecId": ""
               },
               "selectFirstRow": {"selectFirstRow": false},
               "selfProvider": {"selfProvider": true},
               "title": "Datastores",
               "traversalSpecId": null,
               "viewDefinitionId": "867d0405-3f05-49ee-9466-ede29a147aff"
            },
            "gridsterCoords": {
               "h": 6,
               "w": 6,
               "x": 7,
               "y": 56
            },
            "height": 324,
            "id": "f24602eb-5610-42cd-94a0-2a9e063422a9",
            "title": "Datastores",
            "type": "View"
         },
         {
            "collapsed": false,
            "config": {
               "boxColumns": 5,
               "boxHeight": null,
               "customFilter": {
                  "excludedResources": null,
                  "filter": [],
                  "includedResources": null
               },
               "depth": 1,
               "labelSize": 16,
               "maxCellCount": 100,
               "metric": {
                  "mode": "resourceKind",
                  "resourceKindMetrics": [
                     {
                        "colorMethod": 2,
                        "handleOldColoring": false,
                        "id": "extModel10047-1",
                        "isStringMetric": false,
                        "label": "CPU Sockets",
                        "link": "",
                        "metricKey": "cpu|numpackages",
                        "metricName": "CPU|Number of CPU Sockets",
                        "metricUnitId": "Sockets",
                        "orangeBound": null,
                        "redBound": null,
                        "resourceKindId": "resourceKind:id:0_::_",
                        "resourceKindName": "vSphere World",
                        "unit": "Sockets",
                        "yellowBound": null
                     },
                     {
                        "colorMethod": 2,
                        "handleOldColoring": false,
                        "id": "extModel10047-2",
                        "isStringMetric": false,
                        "label": "CPU Cores",
                        "link": "",
                        "metricKey": "cpu|corecount_provisioned",
                        "metricName": "CPU|Number of physical CPUs",
                        "metricUnitId": -1,
                        "orangeBound": null,
                        "redBound": null,
                        "resourceKindId": "resourceKind:id:0_::_",
                        "resourceKindName": "vSphere World",
                        "unit": "Auto",
                        "yellowBound": null
                     },
                     {
                        "colorMethod": 2,
                        "handleOldColoring": false,
                        "id": "extModel10047-3",
                        "isStringMetric": false,
                        "label": "vCPUs Allocated",
                        "link": "",
                        "metricKey": "cpu|vcpus_allocated_on_all_vms",
                        "metricName": "CPU|vCPUs Allocated on all Consumers",
                        "metricUnitId": "vCPUs",
                        "orangeBound": null,
                        "redBound": null,
                        "resourceKindId": "resourceKind:id:0_::_",
                        "resourceKindName": "vSphere World",
                        "unit": "vCPUs",
                        "yellowBound": null
                     },
                     {
                        "colorMethod": 2,
                        "handleOldColoring": false,
                        "id": "extModel16288-1",
                        "isStringMetric": false,
                        "label": "CPU Overcommit Ratio",
                        "link": "",
                        "metricKey": "cpu|vcpus_to_cores_allocation_ratio",
                        "metricName": "CPU|Current Overcommit Ratio",
                        "metricUnitId": null,
                        "orangeBound": null,
                        "redBound": null,
                        "resourceKindId": "resourceKind:id:0_::_",
                        "resourceKindName": "vSphere World",
                        "unit": "",
                        "yellowBound": null
                     },
                     {
                        "colorMethod": 2,
                        "handleOldColoring": false,
                        "id": "extModel141508-3",
                        "isStringMetric": false,
                        "label": "Total CPU",
                        "link": "",
                        "metricKey": "cpu|capacity_provisioned",
                        "metricName": "CPU|Total Capacity",
                        "metricUnitId": "ghz",
                        "orangeBound": null,
                        "redBound": null,
                        "resourceKindId": "resourceKind:id:0_::_",
                        "resourceKindName": "vSphere World",
                        "unit": "GHz",
                        "yellowBound": null
                     },
                     {
                        "colorMethod": 2,
                        "handleOldColoring": false,
                        "id": "extModel10977-2",
                        "isStringMetric": false,
                        "label": "Memory Allocated to VMs",
                        "link": "",
                        "metricKey": "mem|memory_allocated_on_all_vms",
                        "metricName": "Memory|Memory Allocated on all Consumers",
                        "metricUnitId": "tb",
                        "orangeBound": null,
                        "redBound": null,
                        "resourceKindId": "resourceKind:id:0_::_",
                        "resourceKindName": "vSphere World",
                        "unit": "TB",
                        "yellowBound": null
                     },
                     {
                        "colorMethod": 2,
                        "handleOldColoring": false,
                        "id": "extModel10977-3",
                        "isStringMetric": false,
                        "label": "Reserved Memory",
                        "link": "",
                        "metricKey": "mem|reservedCapacity_average",
                        "metricName": "Memory|Reserved Capacity",
                        "metricUnitId": "tb",
                        "orangeBound": null,
                        "redBound": null,
                        "resourceKindId": "resourceKind:id:0_::_",
                        "resourceKindName": "vSphere World",
                        "unit": "TB",
                        "yellowBound": null
                     },
                     {
                        "colorMethod": 2,
                        "handleOldColoring": false,
                        "id": "extModel10977-1",
                        "isStringMetric": false,
                        "label": "Memory Overcommit Ratio",
                        "link": "",
                        "metricKey": "mem|virtual_to_physical_memory_allocation_ratio",
                        "metricName": "Memory|Current Overcommit Ratio",
                        "metricUnitId": null,
                        "orangeBound": null,
                        "redBound": null,
                        "resourceKindId": "resourceKind:id:0_::_",
                        "resourceKindName": "vSphere World",
                        "unit": "",
                        "yellowBound": null
                     },
                     {
                        "colorMethod": 2,
                        "handleOldColoring": false,
                        "id": "extModel17072-1",
                        "isStringMetric": false,
                        "label": "Memory Used by ESXi Hosts",
                        "link": "",
                        "metricKey": "mem|host_usage",
                        "metricName": "Memory|Host Usage",
                        "metricUnitId": "tb",
                        "orangeBound": null,
                        "redBound": null,
                        "resourceKindId": "resourceKind:id:0_::_",
                        "resourceKindName": "vSphere World",
                        "unit": "TB",
                        "yellowBound": null
                     },
                     {
                        "colorMethod": 2,
                        "handleOldColoring": false,
                        "id": "extModel141508-1",
                        "isStringMetric": false,
                        "label": "Total Memory",
                        "link": "",
                        "metricKey": "mem|host_provisioned",
                        "metricName": "Memory|Total Capacity",
                        "metricUnitId": "tb",
                        "orangeBound": null,
                        "redBound": null,
                        "resourceKindId": "resourceKind:id:0_::_",
                        "resourceKindName": "vSphere World",
                        "unit": "TB",
                        "yellowBound": null
                     },
                     {
                        "colorMethod": 2,
                        "handleOldColoring": false,
                        "id": "extModel141508-2",
                        "isStringMetric": false,
                        "label": "Total Disk",
                        "link": "",
                        "metricKey": "diskspace|total_capacity",
                        "metricName": "Disk Space|Total Capacity",
                        "metricUnitId": "tb",
                        "orangeBound": null,
                        "redBound": null,
                        "resourceKindId": "resourceKind:id:0_::_",
                        "resourceKindName": "vSphere World",
                        "unit": "TB",
                        "yellowBound": null
                     },
                     {
                        "colorMethod": 2,
                        "handleOldColoring": false,
                        "id": "extModel14694-1",
                        "isStringMetric": false,
                        "label": "Idle VM Disk Used",
                        "link": "",
                        "metricKey": "diskspace-waste|reclaimable_diskspace_from_idle_vms",
                        "metricName": "Disk Space Reclaimable|Idle VMs",
                        "metricUnitId": "tb",
                        "orangeBound": null,
                        "redBound": null,
                        "resourceKindId": "resourceKind:id:0_::_",
                        "resourceKindName": "vSphere World",
                        "unit": "TB",
                        "yellowBound": null
                     },
                     {
                        "colorMethod": 2,
                        "handleOldColoring": false,
                        "id": "extModel14694-2",
                        "isStringMetric": false,
                        "label": "Orphaned VMDK Disk Used",
                        "link": "",
                        "metricKey": "diskspace-waste|reclaimable_diskspace_from_orphaned_disks",
                        "metricName": "Disk Space Reclaimable|Orphaned Disks",
                        "metricUnitId": "tb",
                        "orangeBound": null,
                        "redBound": null,
                        "resourceKindId": "resourceKind:id:0_::_",
                        "resourceKindName": "vSphere World",
                        "unit": "TB",
                        "yellowBound": null
                     },
                     {
                        "colorMethod": 2,
                        "handleOldColoring": false,
                        "id": "extModel14694-3",
                        "isStringMetric": false,
                        "label": "Powered Off VMs Disk Used",
                        "link": "",
                        "metricKey": "diskspace-waste|reclaimable_diskspace_from_poweredOff_vms",
                        "metricName": "Disk Space Reclaimable|Powered Off VMs",
                        "metricUnitId": "tb",
                        "orangeBound": null,
                        "redBound": null,
                        "resourceKindId": "resourceKind:id:0_::_",
                        "resourceKindName": "vSphere World",
                        "unit": "TB",
                        "yellowBound": null
                     },
                     {
                        "colorMethod": 2,
                        "handleOldColoring": false,
                        "id": "extModel14694-4",
                        "isStringMetric": false,
                        "label": "Snapshot Disk Used",
                        "link": "",
                        "metricKey": "diskspace-waste|reclaimable_diskspace_from_vm_snapshots",
                        "metricName": "Disk Space Reclaimable|VM Snapshots",
                        "metricUnitId": "tb",
                        "orangeBound": null,
                        "redBound": null,
                        "resourceKindId": "resourceKind:id:0_::_",
                        "resourceKindName": "vSphere World",
                        "unit": "TB",
                        "yellowBound": null
                     }
                  ],
                  "resourceMetrics": [],
                  "subMode": "resourceKindAll"
               },
               "mode": {"layoutMode": "fixedView"},
               "oldMetricValues": false,
               "periodLength": null,
               "refreshContent": {"refreshContent": true},
               "refreshInterval": 300,
               "relationshipMode": {"relationshipMode": 0},
               "resInteractionMode": null,
               "resource": [],
               "roundDecimals": 0,
               "selfProvider": {"selfProvider": true},
               "showDT": {"showDT": false},
               "showMetricName": {"showMetricName": true},
               "showMetricUnit": {"showMetricUnit": true},
               "showResourceName": {"showResourceName": false},
               "showSparkline": {"showSparkline": false},
               "title": "CPU | Memory | Disk",
               "valueSize": 24,
               "visualTheme": 6
            },
            "gridsterCoords": {
               "h": 5,
               "w": 5,
               "x": 8,
               "y": 1
            },
            "height": 267,
            "id": "9818ead0-f95d-47c2-88cc-73adc47b4739",
            "title": "CPU | Memory | Disk",
            "type": "Scoreboard"
         },
         {
            "collapsed": false,
            "config": {
               "boxColumns": 2,
               "boxHeight": null,
               "customFilter": {
                  "excludedResources": null,
                  "filter": [],
                  "includedResources": null
               },
               "depth": 1,
               "labelSize": 16,
               "maxCellCount": 100,
               "metric": {
                  "mode": "resourceKind",
                  "resourceKindMetrics": [
                     {
                        "colorMethod": 0,
                        "handleOldColoring": false,
                        "id": "extModel8661-1",
                        "isStringMetric": false,
                        "label": "Critical Alerts",
                        "link": "",
                        "metricKey": "System Attributes|alert_count_critical",
                        "metricName": "vRealize Operations Generated|Alert Count Critical",
                        "metricUnitId": null,
                        "orangeBound": -1,
                        "redBound": 0,
                        "resourceKindId": "resourceKind:id:0_::_",
                        "resourceKindName": "vSphere World",
                        "unit": "",
                        "yellowBound": -2
                     },
                     {
                        "colorMethod": 0,
                        "handleOldColoring": false,
                        "id": "extModel8661-2",
                        "isStringMetric": false,
                        "label": "Immediate Alerts",
                        "link": "",
                        "metricKey": "System Attributes|alert_count_immediate",
                        "metricName": "vRealize Operations Generated|Alert Count Immediate",
                        "metricUnitId": null,
                        "orangeBound": 0,
                        "redBound": 999999,
                        "resourceKindId": "resourceKind:id:0_::_",
                        "resourceKindName": "vSphere World",
                        "unit": "",
                        "yellowBound": -1
                     },
                     {
                        "colorMethod": 0,
                        "handleOldColoring": false,
                        "id": "extModel8661-4",
                        "isStringMetric": false,
                        "label": "Warning Alerts",
                        "link": "",
                        "metricKey": "System Attributes|alert_count_warning",
                        "metricName": "vRealize Operations Generated|Alert Count Warning",
                        "metricUnitId": null,
                        "orangeBound": 99999,
                        "redBound": 999999,
                        "resourceKindId": "resourceKind:id:0_::_",
                        "resourceKindName": "vSphere World",
                        "unit": "",
                        "yellowBound": 0
                     },
                     {
                        "colorMethod": 1,
                        "handleOldColoring": false,
                        "id": "extModel8661-3",
                        "isStringMetric": false,
                        "label": "Info Alerts",
                        "link": "",
                        "metricKey": "System Attributes|alert_count_info",
                        "metricName": "vRealize Operations Generated|Alert Count Info",
                        "metricUnitId": null,
                        "orangeBound": null,
                        "redBound": null,
                        "resourceKindId": "resourceKind:id:0_::_",
                        "resourceKindName": "vSphere World",
                        "unit": "",
                        "yellowBound": null
                     }
                  ],
                  "resourceMetrics": [],
                  "subMode": "resourceKindAll"
               },
               "mode": {"layoutMode": "fixedView"},
               "oldMetricValues": false,
               "periodLength": null,
               "refreshContent": {"refreshContent": true},
               "refreshInterval": 300,
               "relationshipMode": {"relationshipMode": 0},
               "resInteractionMode": null,
               "resource": [],
               "roundDecimals": null,
               "selfProvider": {"selfProvider": true},
               "showDT": {"showDT": false},
               "showMetricName": {"showMetricName": true},
               "showMetricUnit": {"showMetricUnit": true},
               "showResourceName": {"showResourceName": false},
               "showSparkline": {"showSparkline": false},
               "title": "Alerts",
               "valueSize": 24,
               "visualTheme": 6
            },
            "gridsterCoords": {
               "h": 5,
               "w": 3,
               "x": 5,
               "y": 1
            },
            "height": 267,
            "id": "80fa8764-b63a-409a-a29d-daa22e414d61",
            "title": "Alerts",
            "type": "Scoreboard"
         },
         {
            "collapsed": false,
            "config": {
               "additionalColumns": [],
               "barsCount": 15,
               "customFilter": {
                  "excludedResources": null,
                  "filter": [],
                  "includedResources": null
               },
               "depth": 10,
               "filterMode": "tagPicker",
               "filterOldMetrics": {"filterOldMetrics": false},
               "maxValue": null,
               "metric": {
                  "metricKey": "summary|total_number_vms",
                  "name": "Summary|Total Number of VMs"
               },
               "metricName": "Number of VMs",
               "metricUnit": {
                  "metricUnitId": -1,
                  "metricUnitName": "Auto"
               },
               "mode": "all",
               "orangeBound": 35,
               "percentileValue": null,
               "redBound": 65,
               "refreshContent": {"refreshContent": true},
               "refreshInterval": 300,
               "regenerationTime": 15,
               "relationshipMode": {"relationshipMode": [
                  -1,
                  0
               ]},
               "resource": [],
               "resourceKind": [{"id": "resourceKind:id:2_::_"}],
               "roundDecimals": 1,
               "selfProvider": {"selfProvider": true},
               "tagFilter": null,
               "title": "ESXi Host Density",
               "topOption": "metricsHighestUtilization",
               "yellowBound": 25
            },
            "gridsterCoords": {
               "h": 8,
               "w": 3,
               "x": 10,
               "y": 6
            },
            "height": 438,
            "id": "8d24ae15-b726-43c1-83cf-e06ad5ffe0a4",
            "title": "ESXi Host Density",
            "type": "ParetoAnalysis"
         },
         {
            "collapsed": false,
            "config": {
               "chartViewItems": [
                  "legend",
                  "labels",
                  "title"
               ],
               "isUpdatedView": true,
               "refreshContent": {"refreshContent": true},
               "refreshInterval": 300,
               "resource": {
                  "id": "Ext.vcops.chrome.model.Resource-1",
                  "resourceId": "resource:id:0_::_",
                  "resourceKindId": "002006VMWAREvSphere World",
                  "resourceName": "vSphere World",
                  "traversalSpecId": ""
               },
               "selectFirstRow": {"selectFirstRow": false},
               "selfProvider": {"selfProvider": true},
               "title": "VM VMTools Versions",
               "traversalSpecId": null,
               "viewDefinitionId": "9de1ea66-c38d-488f-a700-504a657bbe5d"
            },
            "gridsterCoords": {
               "h": 7,
               "w": 3,
               "x": 10,
               "y": 14
            },
            "height": 381,
            "id": "dae5b3b0-4e31-4bb2-bef0-de65d0931e65",
            "title": "VM VMTools Versions",
            "type": "View"
         },
         {
            "collapsed": false,
            "config": {
               "badge": [
                  {
                     "badgeKey": "health",
                     "badgeName": "Health",
                     "label": null,
                     "show": true
                  },
                  {
                     "badgeKey": "risk",
                     "badgeName": "Risk",
                     "label": null,
                     "show": false
                  },
                  {
                     "badgeKey": "efficiency",
                     "badgeName": "Efficiency",
                     "label": null,
                     "show": false
                  }
               ],
               "custom": [
                  {
                     "id": "extModel7815-5",
                     "resourceKindId": "resourceKind:id:1_::_",
                     "resourceKindName": "vCenter Server",
                     "tagFilter": null
                  },
                  {
                     "id": "extModel7815-2",
                     "resourceKindId": "resourceKind:id:3_::_",
                     "resourceKindName": "Datacenter",
                     "tagFilter": null
                  },
                  {
                     "id": "extModel7815-1",
                     "resourceKindId": "resourceKind:id:4_::_",
                     "resourceKindName": "Cluster Compute Resource",
                     "tagFilter": null
                  },
                  {
                     "id": "extModel7815-4",
                     "resourceKindId": "resourceKind:id:2_::_",
                     "resourceKindName": "Host System",
                     "tagFilter": null
                  },
                  {
                     "id": "extModel7815-6",
                     "resourceKindId": "resourceKind:id:5_::_",
                     "resourceKindName": "Virtual Machine",
                     "tagFilter": null
                  },
                  {
                     "id": "extModel4217-1",
                     "resourceKindId": "resourceKind:id:6_::_",
                     "resourceKindName": "Datastore Cluster",
                     "tagFilter": null
                  },
                  {
                     "id": "extModel7815-3",
                     "resourceKindId": "resourceKind:id:7_::_",
                     "resourceKindName": "Datastore",
                     "tagFilter": null
                  }
               ],
               "mode": "custom",
               "refreshContent": {"refreshContent": true},
               "refreshInterval": 300,
               "selfProvider": {"selfProvider": true},
               "title": "vSphere Object Health"
            },
            "gridsterCoords": {
               "h": 27,
               "w": 6,
               "x": 1,
               "y": 35
            },
            "height": 1521,
            "id": "e4fd0da9-f948-4301-986d-a31f3468f0b2",
            "states": [
               {
                  "key": "permSkittlesView_widget_3d488663-5055-4f41-b27f-85aea61b0333_e4fd0da9-f948-4301-986d-a31f3468f0b2",
                  "value": "o%3A"
               },
               {
                  "key": "perm_toolbarVisible_widget_3d488663-5055-4f41-b27f-85aea61b0333_e4fd0da9-f948-4301-986d-a31f3468f0b2",
                  "value": "b%3A1"
               }
            ],
            "title": "vSphere Object Health",
            "type": "Skittles"
         },
         {
            "collapsed": false,
            "config": {
               "configs": [{
                  "attributeKind": {"value": ""},
                  "color": {
                     "maxValue": 100,
                     "minValue": 0,
                     "thresholds": {
                        "colors": [
                           "#FF0000",
                           "#FFFF00",
                           "#00FF00"
                        ],
                        "values": [
                           0,
                           50,
                           100
                        ]
                     }
                  },
                  "colorBy": {
                     "metricKey": "badge|health",
                     "value": "Badge|Health (%)"
                  },
                  "filterMode": "tagPicker",
                  "focusOnGroups": true,
                  "groupBy": {
                     "adapterKind": "VMWARE",
                     "id": "004null002006VMWAREClusterComputeResource",
                     "originalText": "Cluster Compute Resource",
                     "parentId": "VMWARE",
                     "parentText": "vCenter Adapter",
                     "resourceKind": "ClusterComputeResource",
                     "text": "Cluster Compute Resource",
                     "type": "resourceKind",
                     "typeId": "resourceKind:id:4_::_"
                  },
                  "mode": {"mode": false},
                  "name": "VM Health",
                  "relationalGrouping": false,
                  "resourceKind": "resourceKind:id:5_::_",
                  "sizeBy": {
                     "metricKey": "config|hardware|num_Cpu",
                     "value": "Configuration|Hardware|Number of CPUs (vCPUs)"
                  },
                  "solidColoring": false,
                  "thenBy": {
                     "adapterKind": "VMWARE",
                     "id": "004null002006VMWAREHostSystem",
                     "originalText": "Host System",
                     "parentId": "VMWARE",
                     "parentText": "vCenter Adapter",
                     "resourceKind": "HostSystem",
                     "text": "Host System",
                     "type": "resourceKind",
                     "typeId": "resourceKind:id:2_::_"
                  }
               }],
               "depth": 10,
               "mode": "all",
               "refreshContent": {"refreshContent": true},
               "refreshInterval": 300,
               "relationshipMode": {"relationshipMode": [
                  1,
                  -1,
                  0
               ]},
               "resource": [],
               "selfProvider": {"selfProvider": true},
               "title": "VM Health",
               "value": 0
            },
            "gridsterCoords": {
               "h": 14,
               "w": 12,
               "x": 1,
               "y": 21
            },
            "height": 780,
            "id": "fc08b6f9-cdd6-4fa5-8a57-2dd924ac0360",
            "states": [
               {
                  "key": "perm_HeatMap_widget_3d488663-5055-4f41-b27f-85aea61b0333_fc08b6f9-cdd6-4fa5-8a57-2dd924ac0360",
                  "value": "o%3A"
               },
               {
                  "key": "perm_toolbarVisible_widget_3d488663-5055-4f41-b27f-85aea61b0333_fc08b6f9-cdd6-4fa5-8a57-2dd924ac0360",
                  "value": "b%3A1"
               },
               {
                  "key": "permBtn_zoomInBtn_perm_HeatMap_widget_3d488663-5055-4f41-b27f-85aea61b0333_fc08b6f9-cdd6-4fa5-8a57-2dd924ac0360",
                  "value": "b%3A0"
               },
               {
                  "key": "permBtn_showTextBtn_perm_HeatMap_widget_3d488663-5055-4f41-b27f-85aea61b0333_fc08b6f9-cdd6-4fa5-8a57-2dd924ac0360",
                  "value": "b%3A1"
               }
            ],
            "title": "VM Health",
            "type": "Heatmap"
         }
      ]
   }],
   "entries": {
      "resource": [{
         "adapterKindKey": "VMWARE",
         "identifiers": [],
         "internalId": "resource:id:0_::_",
         "name": "vSphere World",
         "resourceKindKey": "vSphere World"
      }],
      "resourceKind": [
         {
            "adapterKindKey": "VMWARE",
            "internalId": "resourceKind:id:2_::_",
            "resourceKindKey": "HostSystem"
         },
         {
            "adapterKindKey": "VMWARE",
            "internalId": "resourceKind:id:3_::_",
            "resourceKindKey": "Datacenter"
         },
         {
            "adapterKindKey": "VMWARE",
            "internalId": "resourceKind:id:1_::_",
            "resourceKindKey": "VMwareAdapter Instance"
         },
         {
            "adapterKindKey": "VMWARE",
            "internalId": "resourceKind:id:5_::_",
            "resourceKindKey": "VirtualMachine"
         },
         {
            "adapterKindKey": "VMWARE",
            "internalId": "resourceKind:id:4_::_",
            "resourceKindKey": "ClusterComputeResource"
         },
         {
            "adapterKindKey": "VMWARE",
            "internalId": "resourceKind:id:0_::_",
            "resourceKindKey": "vSphere World"
         },
         {
            "adapterKindKey": "VMWARE",
            "internalId": "resourceKind:id:6_::_",
            "resourceKindKey": "StoragePod"
         },
         {
            "adapterKindKey": "VMWARE",
            "internalId": "resourceKind:id:7_::_",
            "resourceKindKey": "Datastore"
         }
      ]
   },
   "uuid": "2e0d5d71-d4b4-4dde-963c-483c411e1641"
}